{
    "lr": 0.004105369721359867,
    "dropout_ratio": 0.2,
    "num_layer": 6,
    "num_experts": 3,
    "batch_size": 128,
    "emb_dim": 300,
    "alpha": 0.0857311416301978,
    "beta": 0.019949715611039826
}