{
    "lr": 0.0013058052630522717,
    "dropout_ratio": 0.2,
    "num_layer": 3,
    "num_experts": 6,
    "batch_size": 256,
    "emb_dim": 300,
    "alpha": 0.12104419720042706,
    "beta": 0.002522283591103837
}