{
    "lr": 0.001067017370456236,
    "dropout_ratio": 0.2,
    "decay": 7.108857222205484e-06,
    "num_layer": 3,
    "num_experts": 9,
    "batch_size": 256,
    "emb_dim": 300,
    "alpha": 0.062221642651817496,
    "beta": 0.002494748451029381,
    "min_temp": 0.03516884501490933
}