{
    "lr": 0.004937798564761359,
    "dropout_ratio": 0.2,
    "num_layer": 4,
    "num_experts": 7,
    "batch_size": 64,
    "emb_dim": 300,
    "alpha": 0.016196550392836965,
    "beta": 0.010130547950299275
}