{
    "lr": 0.006785880918852506,
    "dropout_ratio": 0.2,
    "decay": 1.3464143383682866e-06,
    "num_layer": 5,
    "num_experts": 9,
    "batch_size": 256,
    "emb_dim": 300,
    "alpha": 0.08293778169231152,
    "beta": 0.028840468810121235,
    "min_temp": 0.08320110044012015
}