{
    "lr": 0.004690403346967736,
    "dropout_ratio": 0.4,
    "num_layer": 4,
    "num_experts": 6,
    "batch_size": 256,
    "emb_dim": 300,
    "alpha": 0.024072738227240698,
    "beta": 0.018262265799171555
}