{
    "lr": 0.0015392656580652552,
    "dropout_ratio": 0.0,
    "num_layer": 5,
    "num_experts": 3,
    "batch_size": 64,
    "emb_dim": 300,
    "alpha": 0.03916807859417736,
    "beta": 0.03146205305505664
}