{
    "lr": 0.0019106493939718945,
    "dropout_ratio": 0.2,
    "num_layer": 5,
    "num_experts": 5,
    "batch_size": 128,
    "emb_dim": 300,
    "alpha": 0.058602518066371255,
    "beta": 0.016053533525029366
}