{
    "lr": 0.0016621822034784109,
    "dropout_ratio": 0.1,
    "num_layer": 3,
    "num_experts": 8,
    "batch_size": 512,
    "emb_dim": 300,
    "alpha": 0.10651701704710553,
    "beta": 0.008748241384595002
}