{
    "lr": 0.005285379713909255,
    "dropout_ratio": 0.1,
    "decay": 4.30790071485762e-05,
    "num_layer": 5,
    "num_experts": 5,
    "batch_size": 64,
    "emb_dim": 300,
    "alpha": 0.1352097746562317,
    "beta": 0.019681217091400482,
    "min_temp": 0.06997368259289836
}