{
    "lr": 1.6982252763219586e-05,
    "dropout_ratio": 0.2,
    "num_layer": 6,
    "num_experts": 7,
    "batch_size": 512,
    "emb_dim": 300,
    "alpha": 0.024172607982336485,
    "beta": 0.041641144527531274
}