{
    "lr": 0.0007514955103780996,
    "dropout_ratio": 0.4,
    "num_layer": 4,
    "num_experts": 5,
    "batch_size": 128,
    "emb_dim": 300,
    "alpha": 0.01702267740304299,
    "beta": 0.0025882571120120763
}