{
    "lr": 0.007084797009203431,
    "dropout_ratio": 0.2,
    "decay": 3.3499672710693085e-05,
    "num_layer": 7,
    "num_experts": 10,
    "batch_size": 64,
    "emb_dim": 300,
    "alpha": 0.47813976535139946,
    "beta": 0.0070101385598343524,
    "min_temp": 0.02549778142895608
}