{
    "dataset": "VDss_Lombardo",
    "best_params": {
        "lr": 0.007084797009203431,
        "dropout_ratio": 0.2,
        "decay": 3.3499672710693085e-05,
        "num_layer": 7,
        "num_experts": 10,
        "batch_size": 64,
        "emb_dim": 300,
        "alpha": 0.47813976535139946,
        "beta": 0.0070101385598343524,
        "min_temp": 0.02549778142895608
    },
    "test_metrics": [
        2.216392755508423,
        2.0855629444122314,
        2.0748989582061768,
        2.1326520442962646,
        2.200765371322632
    ],
    "mean_test_metric": 2.1420544147491456,
    "std_test_metric": 0.057901142411994684,
    "secondary_metrics": [
        {
            "rmse": 5.5246376988995,
            "r2": -0.038056254386901855,
            "pearson": 