Seed,Model,AUROC,F1,Accuracy,Precision,Recall,Specificity,AUPRC,Best_Params
seed_1,LightGBM,0.7421,0.1053,0.7481,0.3333,0.0625,0.9612,0.4362,"{'learning_rate': 0.11952672744527613, 'n_estimators': 875, 'num_leaves': 20, 'max_depth': 6, 'min_child_samples': 71, 'subsample': 0.7540967750775978, 'colsample_bytree': 0.7422853566690655, 'feature_fraction': 0.5200562835878006, 'bagging_fraction': 0.9113602948020516, 'bagging_freq': 7, 'lambda_l1': 3.522104074380834, 'lambda_l2': 2.593317711750767e-07, 'min_split_gain': 0.7078560321638607, 'max_bin': 192}"
seed_2,XGBoost,0.8001,0.3590,0.8148,0.6364,0.2500,0.9626,0.5192,"{'learning_rate': 0.13678289686597123, 'n_estimators': 828, 'max_depth': 6, 'min_child_weight': 9, 'subsample': 0.6881239755958658, 'colsample_bytree': 0.6912938017080783, 'gamma': 4.770161007283667, 'reg_alpha': 0.001328918765588445, 'reg_lambda': 0.13308763847590224}"
seed_3,LightGBM,0.6717,0.1026,0.7407,0.6667,0.0556,0.9899,0.4099,"{'learning_rate': 0.03861697878957406, 'n_estimators': 973, 'num_leaves': 36, 'max_depth': 4, 'min_child_samples': 52, 'subsample': 0.8554127512749605, 'colsample_bytree': 0.9818323437403893, 'feature_fraction': 0.9402812537311628, 'bagging_fraction': 0.5685940641325578, 'bagging_freq': 2, 'lambda_l1': 0.10949110993850043, 'lambda_l2': 1.5324221142143037e-05, 'min_split_gain': 0.8828084288371343, 'max_bin': 229}"
seed_4,CatBoost,0.6913,0.1143,0.7704,1.0000,0.0606,1.0000,0.4595,"{'bootstrap_type': 'Bayesian', 'learning_rate': 0.1480848632793936, 'iterations': 358, 'depth': 8, 'l2_leaf_reg': 6.565747009779944, 'random_strength': 7.604461559556195, 'bagging_temperature': 0.25226360744073206}"
seed_5,XGBoost,0.6703,0.0000,0.7778,0.0000,0.0000,1.0000,0.3627,"{'learning_rate': 0.05371249981996121, 'n_estimators': 756, 'max_depth': 11, 'min_child_weight': 4, 'subsample': 0.8086028443767718, 'colsample_bytree': 0.6982178820822658, 'gamma': 2.75671238441714, 'reg_alpha': 5.402868261600425, 'reg_lambda': 0.015608438740303742}"

Final Summary (Average of Best Models across 5 seeds):
Mean Best AUROC: 0.7151 ± 0.0498
