Seed,Model,AUROC,F1,Accuracy,Precision,Recall,Specificity,AUPRC,Best_Params
seed_1,CatBoost,0.8933,0.6077,0.8751,0.8247,0.4811,0.9743,0.7431,"{'bootstrap_type': 'Bayesian', 'learning_rate': 0.017672985139826316, 'iterations': 977, 'depth': 8, 'l2_leaf_reg': 2.977871909599946, 'random_strength': 6.267736293920304, 'bagging_temperature': 1.2989859420686822}"
seed_2,CatBoost,0.8663,0.5474,0.8564,0.7755,0.4230,0.9684,0.6895,"{'bootstrap_type': 'MVS', 'learning_rate': 0.051581261238768175, 'iterations': 288, 'depth': 7, 'l2_leaf_reg': 14.642430448364017, 'random_strength': 9.369953060932653, 'subsample': 0.5264387396547685}"
seed_3,XGBoost,0.8728,0.6179,0.8766,0.7706,0.5157,0.9632,0.7028,"{'learning_rate': 0.03174656033074968, 'n_estimators': 847, 'max_depth': 9, 'min_child_weight': 16, 'subsample': 0.650169389961319, 'colsample_bytree': 0.6705337987183031, 'gamma': 3.278544460298688, 'reg_alpha': 0.3322160396727665, 'reg_lambda': 5.140206047891859e-06}"
seed_4,XGBoost,0.8654,0.5291,0.8827,0.7033,0.4240,0.9671,0.6344,"{'learning_rate': 0.011882287929181992, 'n_estimators': 521, 'max_depth': 12, 'min_child_weight': 14, 'subsample': 0.5906141951965674, 'colsample_bytree': 0.6072250529854657, 'gamma': 2.0688538390704805, 'reg_alpha': 0.0025766435170282826, 'reg_lambda': 0.0011250507054686267}"
seed_5,LightGBM,0.8899,0.5739,0.8858,0.7372,0.4698,0.9672,0.6807,"{'learning_rate': 0.02731024784660359, 'n_estimators': 663, 'num_leaves': 109, 'max_depth': 8, 'min_child_samples': 47, 'subsample': 0.7017302600783126, 'colsample_bytree': 0.804438549721549, 'feature_fraction': 0.870490065759488, 'bagging_fraction': 0.6623471381208894, 'bagging_freq': 6, 'lambda_l1': 0.0025818937316609645, 'lambda_l2': 6.090401019604313e-08, 'min_split_gain': 0.19841695805481252, 'max_bin': 69}"

Final Summary (Average of Best Models across 5 seeds):
Mean Best AUROC: 0.8775 ± 0.0118
