Seed,Model,AUROC,F1,Accuracy,Precision,Recall,Specificity,AUPRC,Best_Params
seed_1,XGBoost,0.9193,0.8157,0.8379,0.8210,0.8104,0.8596,0.8999,"{'learning_rate': 0.04706121006852745, 'n_estimators': 747, 'max_depth': 7, 'min_child_weight': 5, 'subsample': 0.5791552456894582, 'colsample_bytree': 0.9583409809555907, 'gamma': 2.5210679076621023, 'reg_alpha': 0.0011225310656179737, 'reg_lambda': 2.7168619595769233e-07}"
seed_2,XGBoost,0.9198,0.7756,0.8407,0.7886,0.7629,0.8846,0.8559,"{'learning_rate': 0.05009818003675651, 'n_estimators': 803, 'max_depth': 7, 'min_child_weight': 9, 'subsample': 0.5395599416966405, 'colsample_bytree': 0.5383040599089368, 'gamma': 2.7885892039270437, 'reg_alpha': 9.982744429275222e-08, 'reg_lambda': 7.624213083184592e-05}"
seed_3,CatBoost,0.9232,0.8201,0.8504,0.8157,0.8245,0.8687,0.8911,"{'bootstrap_type': 'Bernoulli', 'learning_rate': 0.0721839428394871, 'iterations': 599, 'depth': 10, 'l2_leaf_reg': 7.890671107394476, 'random_strength': 8.41868847873444, 'subsample': 0.5026247820738869}"
seed_4,XGBoost,0.9074,0.7932,0.8212,0.8246,0.7642,0.8676,0.8847,"{'learning_rate': 0.02725904319862654, 'n_estimators': 923, 'max_depth': 5, 'min_child_weight': 7, 'subsample': 0.7962594771869771, 'colsample_bytree': 0.8194717977020048, 'gamma': 2.2466487562393618, 'reg_alpha': 1.5767913353274806e-06, 'reg_lambda': 7.336228589639061e-05}"
seed_5,CatBoost,0.9111,0.7966,0.8273,0.8290,0.7665,0.8753,0.8856,"{'bootstrap_type': 'Bayesian', 'learning_rate': 0.0946223886983846, 'iterations': 980, 'depth': 7, 'l2_leaf_reg': 5.00335733848212, 'random_strength': 1.0116311669226807, 'bagging_temperature': 1.69927381162413}"

Final Summary (Average of Best Models across 5 seeds):
Mean Best AUROC: 0.9162 ± 0.0059
