Seed,Model,AUROC,F1,Accuracy,Precision,Recall,Specificity,AUPRC,Best_Params
seed_1,LightGBM,0.8804,0.8319,0.8021,0.8704,0.7966,0.8108,0.9028,"{'learning_rate': 0.016251522918199795, 'n_estimators': 769, 'num_leaves': 41, 'max_depth': 8, 'min_child_samples': 33, 'subsample': 0.5030621023426206, 'colsample_bytree': 0.6607652377896638, 'feature_fraction': 0.8812365496803554, 'bagging_fraction': 0.9848923420652426, 'bagging_freq': 7, 'lambda_l1': 5.1588294694344716e-08, 'lambda_l2': 0.015332141486402126, 'min_split_gain': 0.7298703460528454, 'max_bin': 182}"
seed_2,CatBoost,0.8980,0.8224,0.8021,0.7857,0.8627,0.7333,0.8894,"{'bootstrap_type': 'MVS', 'learning_rate': 0.23497077996011914, 'iterations': 755, 'depth': 11, 'l2_leaf_reg': 9.654848001544462, 'random_strength': 9.792471834893403, 'subsample': 0.537484102868832}"
seed_3,CatBoost,0.9112,0.8621,0.8333,0.8333,0.8929,0.7500,0.9507,"{'bootstrap_type': 'Bayesian', 'learning_rate': 0.29627105952556615, 'iterations': 943, 'depth': 5, 'l2_leaf_reg': 3.9742376338989613, 'random_strength': 1.760372948719322, 'bagging_temperature': 0.263132061004691}"
seed_4,XGBoost,0.9261,0.8400,0.8333,0.7778,0.9130,0.7600,0.9282,"{'learning_rate': 0.17197152828943987, 'n_estimators': 470, 'max_depth': 9, 'min_child_weight': 3, 'subsample': 0.963912835374719, 'colsample_bytree': 0.6333210309612791, 'gamma': 0.7164815227823768, 'reg_alpha': 0.025999369456107823, 'reg_lambda': 6.853994306932762e-05}"
seed_5,XGBoost,0.8536,0.8000,0.7812,0.8235,0.7778,0.7857,0.8972,"{'learning_rate': 0.02573537994382708, 'n_estimators': 390, 'max_depth': 11, 'min_child_weight': 1, 'subsample': 0.5588221740289027, 'colsample_bytree': 0.7094130192369411, 'gamma': 1.2482499665132947, 'reg_alpha': 0.0006558661456716849, 'reg_lambda': 1.3194863325594856e-07}"

Final Summary (Average of Best Models across 5 seeds):
Mean Best AUROC: 0.8939 ± 0.0251
