Seed,Model,AUROC,F1,Accuracy,Precision,Recall,Specificity,AUPRC,Best_Params
seed_1,XGBoost,0.8948,0.8165,0.8130,0.8345,0.7993,0.8279,0.9082,"{'learning_rate': 0.02065703309266075, 'n_estimators': 677, 'max_depth': 12, 'min_child_weight': 4, 'subsample': 0.9339044894380087, 'colsample_bytree': 0.5165238360336263, 'gamma': 1.1169933625172834, 'reg_alpha': 0.1050875968013962, 'reg_lambda': 1.2050380142697252e-08}"
seed_2,CatBoost,0.8500,0.7521,0.7691,0.7447,0.7597,0.7772,0.8339,"{'bootstrap_type': 'Bayesian', 'learning_rate': 0.0468260364590826, 'iterations': 877, 'depth': 10, 'l2_leaf_reg': 5.768589379722973, 'random_strength': 0.6076896719864888, 'bagging_temperature': 0.40466517762724696}"
seed_3,XGBoost,0.8929,0.8038,0.8104,0.8107,0.7971,0.8231,0.8921,"{'learning_rate': 0.03743362243462108, 'n_estimators': 715, 'max_depth': 12, 'min_child_weight': 1, 'subsample': 0.5716838609330794, 'colsample_bytree': 0.6825637963297317, 'gamma': 0.07023602941462814, 'reg_alpha': 0.21864461419735223, 'reg_lambda': 2.3724243279346136e-05}"
seed_4,CatBoost,0.8716,0.7820,0.7855,0.8105,0.7555,0.8167,0.8781,"{'bootstrap_type': 'Bayesian', 'learning_rate': 0.05699681078647297, 'iterations': 486, 'depth': 9, 'l2_leaf_reg': 5.4486302103067175, 'random_strength': 9.29962345439585, 'bagging_temperature': 1.1381384140144168}"
seed_5,XGBoost,0.8774,0.7962,0.7903,0.8109,0.7821,0.7994,0.8926,"{'learning_rate': 0.05563487774980529, 'n_estimators': 395, 'max_depth': 7, 'min_child_weight': 5, 'subsample': 0.7875846194186674, 'colsample_bytree': 0.645894934168517, 'gamma': 2.041115872613287, 'reg_alpha': 5.733152713337343e-06, 'reg_lambda': 2.2913378211566274e-08}"

Final Summary (Average of Best Models across 5 seeds):
Mean Best AUROC: 0.8774 ± 0.0163
