{
    "lr": 0.0011311873737556658,
    "dropout_ratio": 0.5,
    "decay": 5.557869857564212e-06,
    "num_layer": 7,
    "num_experts": 7,
    "batch_size": 32,
    "emb_dim": 300,
    "alpha": 0.46358936638247966,
    "beta": 0.00335480879819629,
    "min_temp": 0.3579474261610467
}