{
    "lr": 0.0036593566517828806,
    "dropout_ratio": 0.5,
    "decay": 1.6172679602790535e-06,
    "num_layer": 7,
    "num_experts": 4,
    "batch_size": 32,
    "emb_dim": 300,
    "alpha": 0.42575052117314327,
    "beta": 0.03555268862133734,
    "min_temp": 0.015119686362566042
}