{
    "lr": 0.0016684048855971933,
    "dropout_ratio": 0.0,
    "decay": 2.064057496272735e-06,
    "num_layer": 6,
    "num_experts": 6,
    "batch_size": 32,
    "emb_dim": 300,
    "alpha": 0.08643387691727515,
    "beta": 0.0032939193683827125,
    "min_temp": 0.02164410974247962
}