{
    "lr": 0.0003934097729039905,
    "dropout_ratio": 0.2,
    "decay": 4.063497118029655e-06,
    "num_layer": 6,
    "num_experts": 9,
    "batch_size": 64,
    "emb_dim": 300,
    "alpha": 0.8414447800782656,
    "beta": 0.04356716243972983,
    "min_temp": 0.028628650196629985
}