{
    "lr": 0.00022390889569600295,
    "dropout_ratio": 0.1,
    "num_layer": 3,
    "num_experts": 4,
    "batch_size": 32,
    "emb_dim": 300,
    "alpha": 0.2928009899889185,
    "beta": 0.002838954676550784
}