{
    "lr": 0.0015208925676485783,
    "dropout_ratio": 0.0,
    "num_layer": 3,
    "num_experts": 5,
    "batch_size": 64,
    "emb_dim": 300,
    "alpha": 0.1317051616268143,
    "beta": 0.01794888372948601
}