{
    "lr": 0.00957993335102758,
    "dropout_ratio": 0.1,
    "decay": 6.085147804134128e-05,
    "num_layer": 4,
    "num_experts": 6,
    "batch_size": 32,
    "emb_dim": 300,
    "alpha": 0.6435178992672533,
    "beta": 0.02211943880274428,
    "min_temp": 0.266645381296064
}