{
    "lr": 0.006141042126569746,
    "dropout_ratio": 0.2,
    "decay": 7.894147465691882e-05,
    "num_layer": 6,
    "num_experts": 8,
    "batch_size": 64,
    "emb_dim": 300,
    "alpha": 0.0721130024535629,
    "beta": 0.05892811851608791,
    "min_temp": 0.01562587685064674
}