{
    "dataset": "Caco2_Wang",
    "best_params": {
        "lr": 0.006141042126569746,
        "dropout_ratio": 0.2,
        "decay": 7.894147465691882e-05,
        "num_layer": 6,
        "num_experts": 8,
        "batch_size": 64,
        "emb_dim": 300,
        "alpha": 0.0721130024535629,
        "beta": 0.05892811851608791,
        "min_temp": 0.01562587685064674
    },
    "test_metrics": [
        0.47982075810432434,
        0.45070308446884155,
        0.4141876697540283,
        0.4313663840293884,
        0.5018199682235718
    ],
    "mean_test_metric": 0.4555795729160309,
    "std_test_metric": 0.03177784612128136,
    "secondary_metrics": [
        {
            "rmse": 0.6197914529580996,
            "r2": 0.527144193649292,
            "pearson": 