{
    "lr": 0.0005407402510180284,
    "dropout_ratio": 0.1,
    "decay": 2.0803579727852377e-06,
    "num_layer": 5,
    "num_experts": 3,
    "batch_size": 64,
    "emb_dim": 300,
    "alpha": 0.21933732447811097,
    "beta": 0.01287905350869107,
    "min_temp": 0.08490731272556293
}