{
    "dataset": "Lipophilicity_AstraZeneca",
    "best_params": {
        "lr": 0.0005407402510180284,
        "dropout_ratio": 0.1,
        "decay": 2.0803579727852377e-06,
        "num_layer": 5,
        "num_experts": 3,
        "batch_size": 64,
        "emb_dim": 300,
        "alpha": 0.21933732447811097,
        "beta": 0.01287905350869107,
        "min_temp": 0.08490731272556293
    },
    "test_metrics": [
        0.4615504741668701,
        0.460756778717041,
        0.4594157040119171,
        0.45401784777641296,
        0.4552434980869293
    ],
    "mean_test_metric": 0.4581968605518341,
    "std_test_metric": 0.0030156917049970447,
    "secondary_metrics": [
        {
            "rmse": 0.624539014564255,
            "r2": 0.7231135368347168,
            "pearson": 