{
    "lr": 0.0005796395968215731,
    "dropout_ratio": 0.4,
    "decay": 1.2632915061338826e-06,
    "num_layer": 7,
    "num_experts": 8,
    "batch_size": 32,
    "emb_dim": 300,
    "alpha": 0.012311698041626625,
    "beta": 0.09882303077833801,
    "min_temp": 0.04526284800406118
}