{
    "lr": 0.004745920107265912,
    "dropout_ratio": 0.0,
    "decay": 1.4170559392843995e-05,
    "num_layer": 6,
    "num_experts": 8,
    "batch_size": 32,
    "emb_dim": 300,
    "alpha": 0.45850581462668166,
    "beta": 0.028286942384298287,
    "min_temp": 0.04754471053243678
}