{
    "dataset": "BBB_Martins",
    "best_params": {
        "lr": 0.004745920107265912,
        "dropout_ratio": 0.0,
        "decay": 1.4170559392843995e-05,
        "num_layer": 6,
        "num_experts": 8,
        "batch_size": 32,
        "emb_dim": 300,
        "alpha": 0.45850581462668166,
        "beta": 0.028286942384298287,
        "min_temp": 0.04754471053243678
    },
    "test_metrics": [
        86.90196998123827,
        90.77939337085678,
        87.78924327704814,
        88.93058161350844
    ],
    "mean_test_metric": 88.6002970606629,
    "std_test_metric": 1.4491093578101495,
    "secondary_metrics": [
        {
            "auprc": 0.95687268228198,
            "accuracy": 0.8201970443349754,
            "f1": 0.8820678513731826,
            "sensitivity": 0.8323170731707317,
            "specificity": 0.7692307692307693
        },
        {
            "auprc": 0.968558079291987,
            "accuracy": 0.7463054187192119,
            "f1": 0.8170515097690941,
            "sensitivity": 0.7012195121951219,
            "specificity": 0.9358974358974359
        },
        {
            "auprc": 0.962860811094961,
            "accuracy": 0.8448275862068966,
            "f1": 0.9014084507042254,
            "sensitivity": 0.8780487804878049,
            "specificity": 0.7051282051282052
        },
        {
            "auprc": 0.9614859493529377,
            "accuracy": 0.8374384236453202,
            "f1": 0.8949044585987261,
            "sensitivity": 0.8567073170731707,
            "specificity": 0.7564102564102564
        }
    ]
}