{
    "lr": 3.582102568711652e-05,
    "dropout_ratio": 0.30000000000000004,
    "num_layer": 6,
    "num_experts": 6,
    "batch_size": 512,
    "emb_dim": 300,
    "alpha": 0.4273615370898814,
    "beta": 0.0010454235566990937
}