{
    "lr": 0.0012963143776890582,
    "dropout_ratio": 0.1,
    "decay": 9.549315531706506e-06,
    "num_layer": 5,
    "num_experts": 5,
    "batch_size": 32,
    "emb_dim": 300,
    "alpha": 0.2183143307581114,
    "beta": 0.05896359212642182,
    "min_temp": 0.5367920239356928
}