{
    "lr": 0.0004066036047996061,
    "dropout_ratio": 0.0,
    "num_layer": 3,
    "num_experts": 5,
    "batch_size": 256,
    "emb_dim": 300,
    "alpha": 0.010150059049430012,
    "beta": 0.011783554465882575
}