{
    "lr": 0.009768939850697411,
    "dropout_ratio": 0.1,
    "decay": 5.952345289548211e-05,
    "num_layer": 7,
    "num_experts": 10,
    "batch_size": 128,
    "emb_dim": 300,
    "alpha": 0.034777666125424496,
    "beta": 0.09043060650602681,
    "min_temp": 0.023211419913785458
}