{
    "dataset": "Caco2_Wang",
    "best_params": {
        "lr": 0.009768939850697411,
        "dropout_ratio": 0.1,
        "decay": 5.952345289548211e-05,
        "num_layer": 7,
        "num_experts": 10,
        "batch_size": 128,
        "emb_dim": 300,
        "alpha": 0.034777666125424496,
        "beta": 0.09043060650602681,
        "min_temp": 0.023211419913785458
    },
    "test_metrics": [
        0.4388132691383362,
        0.4363037049770355,
        0.4086087942123413,
        0.46685144305229187,
        0.41685956716537476
    ],
    "mean_test_metric": 0.4334873557090759,
    "std_test_metric": 0.020223183109004873,
    "secondary_metrics": [
        {
            "rmse": 0.5891800234502239,
            "r2": 0.5726993083953857,
            "pearson": 