{
    "lr": 0.0001271312957799258,
    "dropout_ratio": 0.2,
    "decay": 1.964586215682923e-05,
    "num_layer": 7,
    "num_experts": 10,
    "batch_size": 512,
    "emb_dim": 300,
    "alpha": 0.06438486046062647,
    "beta": 0.06952698576981552,
    "min_temp": 0.8234307380804586
}