{
    "lr": 0.00015368335408005103,
    "dropout_ratio": 0.2,
    "num_layer": 5,
    "num_experts": 3,
    "batch_size": 512,
    "emb_dim": 300,
    "alpha": 0.012923776790583104,
    "beta": 0.021468546317072876
}