{
    "lr": 0.0002496717614845922,
    "dropout_ratio": 0.5,
    "decay": 1.1957276407228205e-05,
    "num_layer": 6,
    "num_experts": 9,
    "batch_size": 32,
    "emb_dim": 300,
    "alpha": 0.07270009168397677,
    "beta": 0.02340796025738121,
    "min_temp": 0.057758667578948854
}