{
    "lr": 0.005942859183004103,
    "dropout_ratio": 0.5,
    "decay": 4.730882040354537e-05,
    "num_layer": 6,
    "num_experts": 6,
    "batch_size": 64,
    "emb_dim": 300,
    "alpha": 0.03006136645917413,
    "beta": 0.006506163882108057,
    "min_temp": 0.8125234821615509
}