{
    "lr": 2.2663141392052116e-05,
    "dropout_ratio": 0.1,
    "num_layer": 5,
    "num_experts": 4,
    "batch_size": 64,
    "emb_dim": 300,
    "alpha": 0.4879669249772383,
    "beta": 0.002501887705977042
}