{
    "lr": 0.009705840587398696,
    "dropout_ratio": 0.30000000000000004,
    "decay": 2.838394119712152e-05,
    "num_layer": 6,
    "num_experts": 5,
    "batch_size": 256,
    "emb_dim": 300,
    "alpha": 0.012987507551661932,
    "beta": 0.003710102912674315,
    "min_temp": 0.04937649871010691
}