{
    "lr": 0.0009177967040708139,
    "dropout_ratio": 0.0,
    "decay": 2.153813940723727e-05,
    "num_layer": 4,
    "num_experts": 5,
    "batch_size": 512,
    "emb_dim": 300,
    "alpha": 0.03016190560519217,
    "beta": 0.07016733805255544,
    "min_temp": 0.01552344946892517
}