{
    "lr": 0.00021269839120070872,
    "dropout_ratio": 0.4,
    "num_layer": 4,
    "num_experts": 4,
    "batch_size": 128,
    "emb_dim": 300,
    "alpha": 0.014016789772591109,
    "beta": 0.0014609288949110752
}