{
    "lr": 0.00045912601916539293,
    "dropout_ratio": 0.4,
    "decay": 4.1409080074914455e-06,
    "num_layer": 6,
    "num_experts": 4,
    "batch_size": 32,
    "emb_dim": 300,
    "alpha": 0.020728171148773025,
    "beta": 0.03807558730735585,
    "min_temp": 0.3538245067556963
}